{
  "created_at": "2026-03-01T14:35:47.950197+00:00",
  "label": "buildings_100_v1:anthropic_claude_haiku_4_5_20251001:full_vs_baseline:seed33",
  "baseline": "/Users/hirotaka-m/Minecraft-view-dataset/datasets/buildings_100_v1/metrics_levels_pe_v2_anthropic_claude_haiku_4_5_20251001.json",
  "variant": "/Users/hirotaka-m/Minecraft-view-dataset/datasets/buildings_100_v1/metrics_levels_ablation_full_anthropic_claude_haiku_4_5_20251001.json",
  "settings": {
    "bootstrap_samples": 2000,
    "permutation_samples": 4000,
    "seed": 33,
    "metrics": [
      "iou",
      "f1",
      "material_match",
      "coarse_material_match",
      "component_f1"
    ]
  },
  "results": {
    "iou": {
      "n_pairs": 100,
      "baseline_aggregate": 0.2938968824271887,
      "variant_aggregate": 0.2796618471530912,
      "paired_mean_diff": -0.014235035274097496,
      "paired_std_diff": 0.08457062431943603,
      "effect_size_dz": -0.1683212745400769,
      "bootstrap_ci95": [
        -0.03120043084670046,
        0.0022680645948637878
      ],
      "sign_flip_pvalue_two_sided": 0.09522619345163709,
      "improved_count": 46,
      "worsened_count": 53,
      "tied_count": 1
    },
    "f1": {
      "n_pairs": 100,
      "baseline_aggregate": 0.4492649644634332,
      "variant_aggregate": 0.42945788500418014,
      "paired_mean_diff": -0.019807079459253127,
      "paired_std_diff": 0.10378566469359281,
      "effect_size_dz": -0.190846004770791,
      "bootstrap_ci95": [
        -0.039591034468379346,
        0.0010798838041350194
      ],
      "sign_flip_pvalue_two_sided": 0.061734566358410396,
      "improved_count": 46,
      "worsened_count": 53,
      "tied_count": 1
    },
    "material_match": {
      "n_pairs": 100,
      "baseline_aggregate": 0.286465625714657,
      "variant_aggregate": 0.21407555748431858,
      "paired_mean_diff": -0.07239006823033842,
      "paired_std_diff": 0.21279167780406041,
      "effect_size_dz": -0.3401921963179196,
      "bootstrap_ci95": [
        -0.11411135144300054,
        -0.029627039222223667
      ],
      "sign_flip_pvalue_two_sided": 0.0022494376405898524,
      "improved_count": 37,
      "worsened_count": 63,
      "tied_count": 0
    },
    "coarse_material_match": {
      "n_pairs": 100,
      "baseline_aggregate": 0.4973274186913967,
      "variant_aggregate": 0.34228847800660717,
      "paired_mean_diff": -0.15503894068478938,
      "paired_std_diff": 0.2792683141813992,
      "effect_size_dz": -0.5551612295839748,
      "bootstrap_ci95": [
        -0.20846232328663003,
        -0.0997592199706671
      ],
      "sign_flip_pvalue_two_sided": 0.00024993751562109475,
      "improved_count": 31,
      "worsened_count": 69,
      "tied_count": 0
    },
    "component_f1": {
      "n_pairs": 100,
      "baseline_aggregate": 0.97,
      "variant_aggregate": 0.9,
      "paired_mean_diff": -0.07,
      "paired_std_diff": 0.3554766326548573,
      "effect_size_dz": -0.19691871017571236,
      "bootstrap_ci95": [
        -0.14,
        0.0
      ],
      "sign_flip_pvalue_two_sided": 0.09347663084228942,
      "improved_count": 3,
      "worsened_count": 10,
      "tied_count": 87
    }
  }
}