{
  "created_at": "2026-03-01T14:35:42.115869+00:00",
  "label": "buildings_100_v1:anthropic_claude_haiku_4_5_20251001:full_vs_schema:seed55",
  "baseline": "/Users/hirotaka-m/Minecraft-view-dataset/datasets/buildings_100_v1/metrics_levels_ablation_schema_only_anthropic_claude_haiku_4_5_20251001.json",
  "variant": "/Users/hirotaka-m/Minecraft-view-dataset/datasets/buildings_100_v1/metrics_levels_ablation_full_anthropic_claude_haiku_4_5_20251001.json",
  "settings": {
    "bootstrap_samples": 2000,
    "permutation_samples": 4000,
    "seed": 55,
    "metrics": [
      "iou",
      "f1",
      "material_match",
      "coarse_material_match",
      "component_f1"
    ]
  },
  "results": {
    "iou": {
      "n_pairs": 100,
      "baseline_aggregate": 0.23616048675838763,
      "variant_aggregate": 0.2796618471530912,
      "paired_mean_diff": 0.043501360394703495,
      "paired_std_diff": 0.05783177570459936,
      "effect_size_dz": 0.7522051651484019,
      "bootstrap_ci95": [
        0.032992554035846576,
        0.053907750115597126
      ],
      "sign_flip_pvalue_two_sided": 0.00024993751562109475,
      "improved_count": 75,
      "worsened_count": 15,
      "tied_count": 10
    },
    "f1": {
      "n_pairs": 100,
      "baseline_aggregate": 0.3768482388078233,
      "variant_aggregate": 0.42945788500418014,
      "paired_mean_diff": 0.05260964619635667,
      "paired_std_diff": 0.06854070104564874,
      "effect_size_dz": 0.7675679617183687,
      "bootstrap_ci95": [
        0.03980640142034876,
        0.06596505918216394
      ],
      "sign_flip_pvalue_two_sided": 0.00024993751562109475,
      "improved_count": 75,
      "worsened_count": 15,
      "tied_count": 10
    },
    "material_match": {
      "n_pairs": 100,
      "baseline_aggregate": 0.1466524553299426,
      "variant_aggregate": 0.21407555748431858,
      "paired_mean_diff": 0.06742310215437596,
      "paired_std_diff": 0.211491684809564,
      "effect_size_dz": 0.31879788661708636,
      "bootstrap_ci95": [
        0.023938483473300215,
        0.10954485962545003
      ],
      "sign_flip_pvalue_two_sided": 0.0017495626093476631,
      "improved_count": 58,
      "worsened_count": 41,
      "tied_count": 1
    },
    "coarse_material_match": {
      "n_pairs": 100,
      "baseline_aggregate": 0.3421037362544828,
      "variant_aggregate": 0.34228847800660717,
      "paired_mean_diff": 0.0001847417521244104,
      "paired_std_diff": 0.2755781069261435,
      "effect_size_dz": 0.0006703789142942412,
      "bootstrap_ci95": [
        -0.05502219876680752,
        0.053302613481953295
      ],
      "sign_flip_pvalue_two_sided": 0.9930017495626093,
      "improved_count": 52,
      "worsened_count": 48,
      "tied_count": 0
    },
    "component_f1": {
      "n_pairs": 100,
      "baseline_aggregate": 0.6016666666666667,
      "variant_aggregate": 0.9,
      "paired_mean_diff": 0.29833333333333334,
      "paired_std_diff": 0.3923332317796927,
      "effect_size_dz": 0.7604080133106256,
      "bootstrap_ci95": [
        0.22333333333333336,
        0.37833333333333335
      ],
      "sign_flip_pvalue_two_sided": 0.00024993751562109475,
      "improved_count": 41,
      "worsened_count": 0,
      "tied_count": 59
    }
  }
}