{
  "created_at": "2026-03-01T14:36:19.561505+00:00",
  "label": "buildings_100_v4:anthropic_claude_haiku_4_5_20251001:full_vs_schema:seed44",
  "baseline": "/Users/hirotaka-m/Minecraft-view-dataset/datasets/buildings_100_v4/metrics_levels_ablation_schema_only_anthropic_claude_haiku_4_5_20251001.json",
  "variant": "/Users/hirotaka-m/Minecraft-view-dataset/datasets/buildings_100_v4/metrics_levels_ablation_full_anthropic_claude_haiku_4_5_20251001.json",
  "settings": {
    "bootstrap_samples": 2000,
    "permutation_samples": 4000,
    "seed": 44,
    "metrics": [
      "iou",
      "f1",
      "material_match",
      "coarse_material_match",
      "component_f1"
    ]
  },
  "results": {
    "iou": {
      "n_pairs": 100,
      "baseline_aggregate": 0.17197783414866866,
      "variant_aggregate": 0.1947194160402571,
      "paired_mean_diff": 0.022741581891588463,
      "paired_std_diff": 0.03724851411470683,
      "effect_size_dz": 0.6105366195697295,
      "bootstrap_ci95": [
        0.015758800218856502,
        0.030190695046135824
      ],
      "sign_flip_pvalue_two_sided": 0.00024993751562109475,
      "improved_count": 69,
      "worsened_count": 14,
      "tied_count": 17
    },
    "f1": {
      "n_pairs": 100,
      "baseline_aggregate": 0.28901319710901047,
      "variant_aggregate": 0.32195037140165816,
      "paired_mean_diff": 0.03293717429264768,
      "paired_std_diff": 0.05156629961329152,
      "effect_size_dz": 0.638734494032958,
      "bootstrap_ci95": [
        0.02322943229120682,
        0.043144165133254614
      ],
      "sign_flip_pvalue_two_sided": 0.00024993751562109475,
      "improved_count": 69,
      "worsened_count": 14,
      "tied_count": 17
    },
    "material_match": {
      "n_pairs": 100,
      "baseline_aggregate": 0.18444943356577592,
      "variant_aggregate": 0.24365172657662634,
      "paired_mean_diff": 0.05920229301085039,
      "paired_std_diff": 0.2100092304529485,
      "effect_size_dz": 0.28190329007521586,
      "bootstrap_ci95": [
        0.019444232522374247,
        0.10113207459837063
      ],
      "sign_flip_pvalue_two_sided": 0.005748562859285179,
      "improved_count": 65,
      "worsened_count": 35,
      "tied_count": 0
    },
    "coarse_material_match": {
      "n_pairs": 100,
      "baseline_aggregate": 0.3379862395100231,
      "variant_aggregate": 0.3764551238112614,
      "paired_mean_diff": 0.03846888430123821,
      "paired_std_diff": 0.2501703154475519,
      "effect_size_dz": 0.15377077904873648,
      "bootstrap_ci95": [
        -0.010210488161228826,
        0.08637118966100395
      ],
      "sign_flip_pvalue_two_sided": 0.12396900774806298,
      "improved_count": 61,
      "worsened_count": 39,
      "tied_count": 0
    },
    "component_f1": {
      "n_pairs": 100,
      "baseline_aggregate": 0.04058321563052881,
      "variant_aggregate": 0.045913361075099905,
      "paired_mean_diff": 0.005330145444571088,
      "paired_std_diff": 0.022618300715224547,
      "effect_size_dz": 0.23565631705406265,
      "bootstrap_ci95": [
        0.0012056245459896578,
        0.009949060326035345
      ],
      "sign_flip_pvalue_two_sided": 0.016245938515371157,
      "improved_count": 14,
      "worsened_count": 1,
      "tied_count": 85
    }
  }
}