{
  "seeds": [
    11,
    22,
    33,
    44,
    55
  ],
  "rows": [
    {
      "dataset": "buildings_100_v1",
      "model": "openai_gpt_5_mini",
      "comparison": "full_vs_schema",
      "seeds": [
        11,
        22,
        33,
        44,
        55
      ],
      "iou_diff": {
        "mean": 0.024121178923823386,
        "stdev": 0.0,
        "min": 0.024121178923823386,
        "max": 0.024121178923823386
      },
      "iou_p": {
        "mean": 0.00024993751562109475,
        "stdev": 0.0,
        "min": 0.00024993751562109475,
        "max": 0.00024993751562109475
      },
      "f1_diff": {
        "mean": 0.02890715768322695,
        "stdev": 0.0,
        "min": 0.02890715768322695,
        "max": 0.02890715768322695
      },
      "f1_p": {
        "mean": 0.00024993751562109475,
        "stdev": 0.0,
        "min": 0.00024993751562109475,
        "max": 0.00024993751562109475
      },
      "material_diff": {
        "mean": 0.06565860698425839,
        "stdev": 0.0,
        "min": 0.06565860698425839,
        "max": 0.06565860698425839
      },
      "material_p": {
        "mean": 0.0017495626093476631,
        "stdev": 0.00047422309325194394,
        "min": 0.0012496875781054736,
        "max": 0.0024993751562109472
      }
    },
    {
      "dataset": "buildings_100_v1",
      "model": "openai_gpt_5_mini",
      "comparison": "full_vs_baseline",
      "seeds": [
        11,
        22,
        33,
        44,
        55
      ],
      "iou_diff": {
        "mean": 0.040965406189258834,
        "stdev": 0.0,
        "min": 0.040965406189258834,
        "max": 0.040965406189258834
      },
      "iou_p": {
        "mean": 0.00024993751562109475,
        "stdev": 0.0,
        "min": 0.00024993751562109475,
        "max": 0.00024993751562109475
      },
      "f1_diff": {
        "mean": 0.05756558054698158,
        "stdev": 0.0,
        "min": 0.05756558054698158,
        "max": 0.05756558054698158
      },
      "f1_p": {
        "mean": 0.00024993751562109475,
        "stdev": 0.0,
        "min": 0.00024993751562109475,
        "max": 0.00024993751562109475
      },
      "material_diff": {
        "mean": -0.01050853641508007,
        "stdev": 0.0,
        "min": -0.01050853641508007,
        "max": -0.01050853641508007
      },
      "material_p": {
        "mean": 0.634491377155711,
        "stdev": 0.00482735402369722,
        "min": 0.6295926018495376,
        "max": 0.6435891027243189
      }
    },
    {
      "dataset": "buildings_100_v1",
      "model": "anthropic_claude_haiku_4_5_20251001",
      "comparison": "full_vs_schema",
      "seeds": [
        11,
        22,
        33,
        44,
        55
      ],
      "iou_diff": {
        "mean": 0.043501360394703495,
        "stdev": 0.0,
        "min": 0.043501360394703495,
        "max": 0.043501360394703495
      },
      "iou_p": {
        "mean": 0.00024993751562109475,
        "stdev": 0.0,
        "min": 0.00024993751562109475,
        "max": 0.00024993751562109475
      },
      "f1_diff": {
        "mean": 0.05260964619635667,
        "stdev": 0.0,
        "min": 0.05260964619635667,
        "max": 0.05260964619635667
      },
      "f1_p": {
        "mean": 0.00024993751562109475,
        "stdev": 0.0,
        "min": 0.00024993751562109475,
        "max": 0.00024993751562109475
      },
      "material_diff": {
        "mean": 0.06742310215437596,
        "stdev": 0.0,
        "min": 0.06742310215437596,
        "max": 0.06742310215437596
      },
      "material_p": {
        "mean": 0.0017495626093476631,
        "stdev": 0.00047422309325194384,
        "min": 0.000999750062484379,
        "max": 0.0022494376405898524
      }
    },
    {
      "dataset": "buildings_100_v1",
      "model": "anthropic_claude_haiku_4_5_20251001",
      "comparison": "full_vs_baseline",
      "seeds": [
        11,
        22,
        33,
        44,
        55
      ],
      "iou_diff": {
        "mean": -0.014235035274097496,
        "stdev": 0.0,
        "min": -0.014235035274097496,
        "max": -0.014235035274097496
      },
      "iou_p": {
        "mean": 0.09642589352661834,
        "stdev": 0.0019957475408824907,
        "min": 0.09447638090477381,
        "max": 0.09997500624843789
      },
      "f1_diff": {
        "mean": -0.019807079459253127,
        "stdev": 0.0,
        "min": -0.019807079459253127,
        "max": -0.019807079459253127
      },
      "f1_p": {
        "mean": 0.06058485378655336,
        "stdev": 0.0013187609056008929,
        "min": 0.05873531617095726,
        "max": 0.06223444138965259
      },
      "material_diff": {
        "mean": -0.07239006823033842,
        "stdev": 0.0,
        "min": -0.07239006823033842,
        "max": -0.07239006823033842
      },
      "material_p": {
        "mean": 0.0014996250937265683,
        "stdev": 0.00047422309325194384,
        "min": 0.000999750062484379,
        "max": 0.0022494376405898524
      }
    },
    {
      "dataset": "buildings_100_v4",
      "model": "openai_gpt_5_mini",
      "comparison": "full_vs_schema",
      "seeds": [
        11,
        22,
        33,
        44,
        55
      ],
      "iou_diff": {
        "mean": 0.01990890923745992,
        "stdev": 0.0,
        "min": 0.01990890923745992,
        "max": 0.01990890923745992
      },
      "iou_p": {
        "mean": 0.00024993751562109475,
        "stdev": 0.0,
        "min": 0.00024993751562109475,
        "max": 0.00024993751562109475
      },
      "f1_diff": {
        "mean": 0.02848986289355483,
        "stdev": 0.0,
        "min": 0.02848986289355483,
        "max": 0.02848986289355483
      },
      "f1_p": {
        "mean": 0.00024993751562109475,
        "stdev": 0.0,
        "min": 0.00024993751562109475,
        "max": 0.00024993751562109475
      },
      "material_diff": {
        "mean": 0.10778506834162654,
        "stdev": 0.0,
        "min": 0.10778506834162654,
        "max": 0.10778506834162654
      },
      "material_p": {
        "mean": 0.00024993751562109475,
        "stdev": 0.0,
        "min": 0.00024993751562109475,
        "max": 0.00024993751562109475
      }
    },
    {
      "dataset": "buildings_100_v4",
      "model": "openai_gpt_5_mini",
      "comparison": "full_vs_baseline",
      "seeds": [
        11,
        22,
        33,
        44,
        55
      ],
      "iou_diff": {
        "mean": 0.05250027382325937,
        "stdev": 0.0,
        "min": 0.05250027382325937,
        "max": 0.05250027382325937
      },
      "iou_p": {
        "mean": 0.00024993751562109475,
        "stdev": 0.0,
        "min": 0.00024993751562109475,
        "max": 0.00024993751562109475
      },
      "f1_diff": {
        "mean": 0.0761779811193605,
        "stdev": 0.0,
        "min": 0.0761779811193605,
        "max": 0.0761779811193605
      },
      "f1_p": {
        "mean": 0.00024993751562109475,
        "stdev": 0.0,
        "min": 0.00024993751562109475,
        "max": 0.00024993751562109475
      },
      "material_diff": {
        "mean": -0.008745352388159166,
        "stdev": 0.0,
        "min": -0.008745352388159166,
        "max": -0.008745352388159166
      },
      "material_p": {
        "mean": 0.6719320169957511,
        "stdev": 0.005329239891958053,
        "min": 0.6660834791302175,
        "max": 0.6783304173956511
      }
    },
    {
      "dataset": "buildings_100_v4",
      "model": "anthropic_claude_haiku_4_5_20251001",
      "comparison": "full_vs_schema",
      "seeds": [
        11,
        22,
        33,
        44,
        55
      ],
      "iou_diff": {
        "mean": 0.022741581891588463,
        "stdev": 0.0,
        "min": 0.022741581891588463,
        "max": 0.022741581891588463
      },
      "iou_p": {
        "mean": 0.00024993751562109475,
        "stdev": 0.0,
        "min": 0.00024993751562109475,
        "max": 0.00024993751562109475
      },
      "f1_diff": {
        "mean": 0.03293717429264768,
        "stdev": 0.0,