{
  "created_at": "2026-03-01T14:34:23.113321Z",
  "ablation": [
    {
      "dataset": "buildings_100_v1",
      "model": "openai_gpt_5_mini",
      "schema_iou": 0.27899642687819437,
      "schema_f1": 0.4302264755019939,
      "schema_mat": 0.16141885832776662,
      "material_iou": 0.28724597836765964,
      "material_f1": 0.4397580988686351,
      "material_mat": 0.2192617307630489,
      "self_iou": 0.30376310167007914,
      "self_f1": 0.4593353371408064,
      "self_mat": 0.11758858146788555,
      "full_iou": 0.3031176058020177,
      "full_f1": 0.4591336331852211,
      "full_mat": 0.22707746531202502
    },
    {
      "dataset": "buildings_100_v1",
      "model": "anthropic_claude_haiku_4_5_20251001",
      "schema_iou": 0.23616048675838763,
      "schema_f1": 0.3768482388078233,
      "schema_mat": 0.1466524553299426,
      "material_iou": 0.2361846735384276,
      "material_f1": 0.37688777567905213,
      "material_mat": 0.1725929015766095,
      "self_iou": 0.2752610660462681,
      "self_f1": 0.42398804375342025,
      "self_mat": 0.12816637512006848,
      "full_iou": 0.2796618471530912,
      "full_f1": 0.42945788500418014,
      "full_mat": 0.21407555748431858
    },
    {
      "dataset": "buildings_100_v4",
      "model": "openai_gpt_5_mini",
      "schema_iou": 0.1840426511740476,
      "schema_f1": 0.30561998120415335,
      "schema_mat": 0.19391334589079276,
      "material_iou": 0.18985289007502457,
      "material_f1": 0.3142161580400356,
      "material_mat": 0.29338287095705273,
      "self_iou": 0.2048387003903938,
      "self_f1": 0.33493107575190295,
      "self_mat": 0.17864418716340075,
      "full_iou": 0.20395156041150764,
      "full_f1": 0.33410984409770816,
      "full_mat": 0.3016984142324192
    },
    {
      "dataset": "buildings_100_v4",
      "model": "anthropic_claude_haiku_4_5_20251001",
      "schema_iou": 0.17197783414866866,
      "schema_f1": 0.28901319710901047,
      "schema_mat": 0.18444943356577592,
      "material_iou": 0.17180433564352207,
      "material_f1": 0.2888476757819485,
      "material_mat": 0.22808950522268923,
      "self_iou": 0.19520307013493352,
      "self_f1": 0.32207351852446087,
      "self_mat": 0.16266060519981354,
      "full_iou": 0.1947194160402571,
      "full_f1": 0.32195037140165816,
      "full_mat": 0.24365172657662634
    }
  ],
  "significance": [
    {
      "dataset": "buildings_100_v1",
      "model": "openai_gpt_5_mini",
      "comparison": "material_vs_schema",
      "iou_diff": 0.008249551489465419,
      "iou_ci": [
        0.003057424297349334,
        0.014516486883016122
      ],
      "iou_p": 0.002916423631364053,
      "f1_diff": 0.009531623366641151,
      "f1_ci": [
        0.0034828305317101166,
        0.016646501943858104
      ],
      "f1_p": 0.003333055578701775,
      "mat_diff": 0.05784287243528231,
      "mat_ci": [
        0.020714079681330877,
        0.09664886829012208
      ],
      "mat_p": 0.0030830764102991416
    },
    {
      "dataset": "buildings_100_v1",
      "model": "openai_gpt_5_mini",
      "comparison": "self_refine_vs_schema",
      "iou_diff": 0.024766674791884852,
      "iou_ci": [
        0.015483208776084542,
        0.034975563475884895
      ],
      "iou_p": 8.332638946754438e-05,
      "f1_diff": 0.029108861638812548,
      "f1_ci": [
        0.018648682909359095,
        0.040816914007836144
      ],
      "f1_p": 8.332638946754438e-05,
      "mat_diff": -0.043830276859881126,
      "mat_ci": [
        -0.07685481261263252,
        -0.010750478295369303
      ],
      "mat_p": 0.013082243146404467
    },
    {
      "dataset": "buildings_100_v1",
      "model": "openai_gpt_5_mini",
      "comparison": "full_vs_schema",
      "iou_diff": 0.024121178923823386,
      "iou_ci": [
        0.014725516913816274,
        0.03361528372863116
      ],
      "iou_p": 8.332638946754438e-05,
      "f1_diff": 0.02890715768322695,
      "f1_ci": [
        0.018411653330290552,
        0.04014787522081826
      ],
      "f1_p": 8.332638946754438e-05,
      "mat_diff": 0.06565860698425839,
      "mat_ci": [
        0.025686860207738284,
        0.10637342608950055
      ],
      "mat_p": 0.0021664861261561537
    },
    {
      "dataset": "buildings_100_v1",
      "model": "openai_gpt_5_mini",
      "comparison": "full_vs_baseline",
      "iou_diff": 0.040965406189258834,
      "iou_ci": [
        0.023807057311048648,
        0.06020297582012504
      ],
      "iou_p": 8.332638946754438e-05,
      "f1_diff": 0.05756558054698158,
      "f1_ci": [
        0.0322667146250359,
        0.0860982151165402
      ],
      "f1_p": 8.332638946754438e-05,
      "mat_diff": -0.01050853641508007,
      "mat_ci": [
        -0.05354385948500577,
        0.03286973230480919
      ],
      "mat_p": 0.6448629280893259
    },
    {
      "dataset": "buildings_100_v1",
      "model": "anthropic_claude_haiku_4_5_20251001",
      "comparison": "material_vs_schema",
      "iou_diff": 2.418678003997532e-05,
      "iou_ci": [
        -0.00010005487421528376,
        0.00012910915989215927
      ],
      "iou_p": 0.7036913590534122,
      "f1_diff": 3.953687122872224e-05,
      "f1_ci": [
        -0.00011069589238962258,
        0.00017194969682125444
      ],
      "f1_p": 0.6451129072577285,
      "mat_diff": 0.0259404462466668,
      "mat_ci": [
        -0.0050468563014423,
        0.05542781848995751
      ],
      "mat_p": 0.10399133405549538
    },
    {
      "dataset": "buildings_100_v1",
      "model": "anthropic_claude_haiku_4_5_20251001",
      "comparison": "self_refine_vs_schema",
      "iou_diff": 0.0391005792878803,
      "iou_ci": [
        0.028642268271924252,
        0.05037716210676453
      ],
      "iou_p": 8.332638946754438e-05,
      "f1_diff": 0.047139804945596706,
      "f1_ci": [
        0.034103888599496694,
        0.06011180497987759
      ],
      "f1_p": 8.332638946754438e-05,
      "mat_diff": -0.018486080209874113,
      "mat_ci": [
        -0.0445224496403654,
        0.005849880787190489
      ],
      "mat_p": 0.1554870427464378
    },
    {
      "dataset": "buildings_100_v1",
      "model": "anthropic_claude_haiku_4_5_20251001",
      "comparison": "full_vs_schema",
      "iou_diff": 0.043501360394703495,
      "iou_ci": [
        0.03251605602670013,
        0.055125337500212986
      ],
      "iou_p": 8.332638946754438e-05,
      "f1_diff": 0.05260964619635667,
      "f1_ci": [
        0.03956590112456235,
        0.06602920629122189
      ],
      "f1_p": 8.332638946754438e-05,
      "mat_diff": 0.06742310215437596,
      "mat_ci": [
        0.0259397595073561,
        0.11029898987731272
      ],
      "mat_p": 0.001166569452545621
    },
    {
      "dataset": "buildings_100_v1",
      "model": "anthropic_claude_haiku_4_5_20251001",
      "comparison": "full_vs_baseline",
      "iou_diff": -0.014235035274097496,
      "iou_ci": [
        -0.030829057611123412,
        0.001590288342756909
      ],
      "iou_p": 0.09457545204566287,
      "f1_diff": -0.019807079459253127,
      "f1_ci": [
        -0.040578176444563976,
        5.914765960433832e-05
      ],
      "f1_p": 0.05891175735355387,
      "mat_diff": -0.07239006823033842,
      "mat_ci": [
        -0.11270377762628765,
        -0.032264566420336815
      ],
      "mat_p": 0.0008332638946754438
    },
    {
      "dataset": "buildings_100_v4",
      "model": "openai_gpt_5_mini",
      "comparison": "material_vs_schema",
      "iou_diff": 0.00581023890097686,
      "iou_ci": [
        0.0023666418075132304,
        0.010037789745305179
      ],
      "iou_p": 0.000666611115740355,
      "f1_diff": 0.008596176835882242,
      "f1_ci": [
        0.0035387054224149768,
        0.014830701130592315
      ],
      "f1_p": 0.0004166319473377219,
      "mat_diff": 0.09946952506625996,
      "mat_ci": [
        0.060618654409011506,
        0.13953969773976127
      ],
      "mat_p": 8.332638946754438e-05
    },
    {
      "dataset": "buildings_100_v4",