{
  "created_at": "2026-03-01T14:32:56.953580+00:00",
  "label": "buildings_100_v4:anthropic_claude_haiku_4_5_20251001:full_vs_baseline",
  "baseline": "/Users/hirotaka-m/Minecraft-view-dataset/datasets/buildings_100_v4/metrics_levels_pe_v2_anthropic_claude_haiku_4_5_20251001.json",
  "variant": "/Users/hirotaka-m/Minecraft-view-dataset/datasets/buildings_100_v4/metrics_levels_ablation_full_anthropic_claude_haiku_4_5_20251001.json",
  "settings": {
    "bootstrap_samples": 6000,
    "permutation_samples": 12000,
    "seed": 42,
    "metrics": [
      "iou",
      "f1",
      "material_match",
      "coarse_material_match",
      "component_f1"
    ]
  },
  "results": {
    "iou": {
      "n_pairs": 100,
      "baseline_aggregate": 0.15280857061791742,
      "variant_aggregate": 0.1947194160402571,
      "paired_mean_diff": 0.0419108454223397,
      "paired_std_diff": 0.05954043314788765,
      "effect_size_dz": 0.7039056185271738,
      "bootstrap_ci95": [
        0.030464469803944853,
        0.05338357315955289
      ],
      "sign_flip_pvalue_two_sided": 8.332638946754438e-05,
      "improved_count": 80,
      "worsened_count": 20,
      "tied_count": 0
    },
    "f1": {
      "n_pairs": 100,
      "baseline_aggregate": 0.26112451804948,
      "variant_aggregate": 0.32195037140165816,
      "paired_mean_diff": 0.06082585335217812,
      "paired_std_diff": 0.085397001204178,
      "effect_size_dz": 0.7122715375771562,
      "bootstrap_ci95": [
        0.04393840896742176,
        0.07677503397130322
      ],
      "sign_flip_pvalue_two_sided": 8.332638946754438e-05,
      "improved_count": 80,
      "worsened_count": 20,
      "tied_count": 0
    },
    "material_match": {
      "n_pairs": 100,
      "baseline_aggregate": 0.3223129313354741,
      "variant_aggregate": 0.24365172657662634,
      "paired_mean_diff": -0.07866120475884775,
      "paired_std_diff": 0.25136937873407067,
      "effect_size_dz": -0.3129307362535403,
      "bootstrap_ci95": [
        -0.12920721289391626,
        -0.03008995443582347
      ],
      "sign_flip_pvalue_two_sided": 0.002083159736688609,
      "improved_count": 37,
      "worsened_count": 63,
      "tied_count": 0
    },
    "coarse_material_match": {
      "n_pairs": 100,
      "baseline_aggregate": 0.45004135110269755,
      "variant_aggregate": 0.3764551238112614,
      "paired_mean_diff": -0.07358622729143621,
      "paired_std_diff": 0.25689501656484903,
      "effect_size_dz": -0.2864447441426352,
      "bootstrap_ci95": [
        -0.12259282213329892,
        -0.022422476537338087
      ],
      "sign_flip_pvalue_two_sided": 0.004332972252312307,
      "improved_count": 39,
      "worsened_count": 61,
      "tied_count": 0
    },
    "component_f1": {
      "n_pairs": 100,
      "baseline_aggregate": 0.04839318484013111,
      "variant_aggregate": 0.045913361075099905,
      "paired_mean_diff": -0.0024798237650312093,
      "paired_std_diff": 0.022832997007971007,
      "effect_size_dz": -0.10860702010189473,
      "bootstrap_ci95": [
        -0.006910091431013743,
        0.0019617284495489036
      ],
      "sign_flip_pvalue_two_sided": 0.2818931755687026,
      "improved_count": 6,
      "worsened_count": 12,
      "tied_count": 82
    }
  }
}