{
  "created_at": "2026-03-01T14:31:34.461602+00:00",
  "label": "buildings_100_v1:openai_gpt_5_mini:full_vs_baseline",
  "baseline": "/Users/hirotaka-m/Minecraft-view-dataset/datasets/buildings_100_v1/metrics_levels_pe_v2_openai_gpt_5_mini.json",
  "variant": "/Users/hirotaka-m/Minecraft-view-dataset/datasets/buildings_100_v1/metrics_levels_ablation_full_openai_gpt_5_mini.json",
  "settings": {
    "bootstrap_samples": 6000,
    "permutation_samples": 12000,
    "seed": 42,
    "metrics": [
      "iou",
      "f1",
      "material_match",
      "coarse_material_match",
      "component_f1"
    ]
  },
  "results": {
    "iou": {
      "n_pairs": 100,
      "baseline_aggregate": 0.26215219961275893,
      "variant_aggregate": 0.3031176058020177,
      "paired_mean_diff": 0.040965406189258834,
      "paired_std_diff": 0.09367154228170259,
      "effect_size_dz": 0.4373303267075688,
      "bootstrap_ci95": [
        0.023807057311048648,
        0.06020297582012504
      ],
      "sign_flip_pvalue_two_sided": 8.332638946754438e-05,
      "improved_count": 59,
      "worsened_count": 39,
      "tied_count": 2
    },
    "f1": {
      "n_pairs": 100,
      "baseline_aggregate": 0.4015680526382394,
      "variant_aggregate": 0.4591336331852211,
      "paired_mean_diff": 0.05756558054698158,
      "paired_std_diff": 0.13740411758226784,
      "effect_size_dz": 0.4189509132614996,
      "bootstrap_ci95": [
        0.0322667146250359,
        0.0860982151165402
      ],
      "sign_flip_pvalue_two_sided": 8.332638946754438e-05,
      "improved_count": 59,
      "worsened_count": 39,
      "tied_count": 2
    },
    "material_match": {
      "n_pairs": 100,
      "baseline_aggregate": 0.2375860017271051,
      "variant_aggregate": 0.22707746531202502,
      "paired_mean_diff": -0.01050853641508007,
      "paired_std_diff": 0.22128877367448746,
      "effect_size_dz": -0.0474878876166487,
      "bootstrap_ci95": [
        -0.05354385948500577,
        0.03286973230480919
      ],
      "sign_flip_pvalue_two_sided": 0.6448629280893259,
      "improved_count": 43,
      "worsened_count": 55,
      "tied_count": 2
    },
    "coarse_material_match": {
      "n_pairs": 100,
      "baseline_aggregate": 0.4124785699376508,
      "variant_aggregate": 0.40740300263831875,
      "paired_mean_diff": -0.005075567299331926,
      "paired_std_diff": 0.3417215679570013,
      "effect_size_dz": -0.01485293225615359,
      "bootstrap_ci95": [
        -0.07140293721058756,
        0.06135066145647682
      ],
      "sign_flip_pvalue_two_sided": 0.8796766936088659,
      "improved_count": 48,
      "worsened_count": 50,
      "tied_count": 2
    },
    "component_f1": {
      "n_pairs": 100,
      "baseline_aggregate": 0.89,
      "variant_aggregate": 0.98,
      "paired_mean_diff": 0.09,
      "paired_std_diff": 0.32082595426382343,
      "effect_size_dz": 0.2805259325309781,
      "bootstrap_ci95": [
        0.03,
        0.16
      ],
      "sign_flip_pvalue_two_sided": 0.01124906257811849,
      "improved_count": 10,
      "worsened_count": 1,
      "tied_count": 89
    }
  }
}