{
  "created_at": "2026-03-01T14:31:17.930790+00:00",
  "label": "buildings_100_v1:openai_gpt_5_mini:material_vs_schema",
  "baseline": "/Users/hirotaka-m/Minecraft-view-dataset/datasets/buildings_100_v1/metrics_levels_ablation_schema_only_openai_gpt_5_mini.json",
  "variant": "/Users/hirotaka-m/Minecraft-view-dataset/datasets/buildings_100_v1/metrics_levels_ablation_material_only_openai_gpt_5_mini.json",
  "settings": {
    "bootstrap_samples": 6000,
    "permutation_samples": 12000,
    "seed": 42,
    "metrics": [
      "iou",
      "f1",
      "material_match",
      "coarse_material_match",
      "component_f1"
    ]
  },
  "results": {
    "iou": {
      "n_pairs": 100,
      "baseline_aggregate": 0.27899642687819437,
      "variant_aggregate": 0.28724597836765964,
      "paired_mean_diff": 0.008249551489465419,
      "paired_std_diff": 0.02963249681508206,
      "effect_size_dz": 0.2783954231378384,
      "bootstrap_ci95": [
        0.003057424297349334,
        0.014516486883016122
      ],
      "sign_flip_pvalue_two_sided": 0.002916423631364053,
      "improved_count": 15,
      "worsened_count": 9,
      "tied_count": 76
    },
    "f1": {
      "n_pairs": 100,
      "baseline_aggregate": 0.4302264755019939,
      "variant_aggregate": 0.4397580988686351,
      "paired_mean_diff": 0.009531623366641151,
      "paired_std_diff": 0.0341822665580151,
      "effect_size_dz": 0.2788470258537073,
      "bootstrap_ci95": [
        0.0034828305317101166,
        0.016646501943858104
      ],
      "sign_flip_pvalue_two_sided": 0.003333055578701775,
      "improved_count": 15,
      "worsened_count": 9,
      "tied_count": 76
    },
    "material_match": {
      "n_pairs": 100,
      "baseline_aggregate": 0.16141885832776662,
      "variant_aggregate": 0.2192617307630489,
      "paired_mean_diff": 0.05784287243528231,
      "paired_std_diff": 0.1903134583521431,
      "effect_size_dz": 0.30393474500502105,
      "bootstrap_ci95": [
        0.020714079681330877,
        0.09664886829012208
      ],
      "sign_flip_pvalue_two_sided": 0.0030830764102991416,
      "improved_count": 49,
      "worsened_count": 25,
      "tied_count": 26
    },
    "coarse_material_match": {
      "n_pairs": 100,
      "baseline_aggregate": 0.31580690430590225,
      "variant_aggregate": 0.4195494948885953,
      "paired_mean_diff": 0.10374259058269315,
      "paired_std_diff": 0.27307134828654966,
      "effect_size_dz": 0.379910200149706,
      "bootstrap_ci95": [
        0.0513727070411925,
        0.15807839296210952
      ],
      "sign_flip_pvalue_two_sided": 8.332638946754438e-05,
      "improved_count": 52,
      "worsened_count": 27,
      "tied_count": 21
    },
    "component_f1": {
      "n_pairs": 100,
      "baseline_aggregate": 0.97,
      "variant_aggregate": 0.9766666666666667,
      "paired_mean_diff": 0.006666666666666666,
      "paired_std_diff": 0.06666666666666667,
      "effect_size_dz": 0.09999999999999999,
      "bootstrap_ci95": [
        0.0,
        0.02
      ],
      "sign_flip_pvalue_two_sided": 1.0,
      "improved_count": 1,
      "worsened_count": 0,
      "tied_count": 99
    }
  }
}