{
  "created_at": "2026-03-01T14:31:23.372962+00:00",
  "label": "buildings_100_v1:openai_gpt_5_mini:self_refine_vs_schema",
  "baseline": "/Users/hirotaka-m/Minecraft-view-dataset/datasets/buildings_100_v1/metrics_levels_ablation_schema_only_openai_gpt_5_mini.json",
  "variant": "/Users/hirotaka-m/Minecraft-view-dataset/datasets/buildings_100_v1/metrics_levels_ablation_self_refine_only_openai_gpt_5_mini.json",
  "settings": {
    "bootstrap_samples": 6000,
    "permutation_samples": 12000,
    "seed": 42,
    "metrics": [
      "iou",
      "f1",
      "material_match",
      "coarse_material_match",
      "component_f1"
    ]
  },
  "results": {
    "iou": {
      "n_pairs": 100,
      "baseline_aggregate": 0.27899642687819437,
      "variant_aggregate": 0.30376310167007914,
      "paired_mean_diff": 0.024766674791884852,
      "paired_std_diff": 0.049964677710314556,
      "effect_size_dz": 0.49568366948101206,
      "bootstrap_ci95": [
        0.015483208776084542,
        0.034975563475884895
      ],
      "sign_flip_pvalue_two_sided": 8.332638946754438e-05,
      "improved_count": 51,
      "worsened_count": 16,
      "tied_count": 33
    },
    "f1": {
      "n_pairs": 100,
      "baseline_aggregate": 0.4302264755019939,
      "variant_aggregate": 0.4593353371408064,
      "paired_mean_diff": 0.029108861638812548,
      "paired_std_diff": 0.05786042442148529,
      "effect_size_dz": 0.5030875927692567,
      "bootstrap_ci95": [
        0.018648682909359095,
        0.040816914007836144
      ],
      "sign_flip_pvalue_two_sided": 8.332638946754438e-05,
      "improved_count": 51,
      "worsened_count": 16,
      "tied_count": 33
    },
    "material_match": {
      "n_pairs": 100,
      "baseline_aggregate": 0.16141885832776662,
      "variant_aggregate": 0.11758858146788555,
      "paired_mean_diff": -0.043830276859881126,
      "paired_std_diff": 0.17105859324858316,
      "effect_size_dz": -0.25622961131328115,
      "bootstrap_ci95": [
        -0.07685481261263252,
        -0.010750478295369303
      ],
      "sign_flip_pvalue_two_sided": 0.013082243146404467,
      "improved_count": 32,
      "worsened_count": 51,
      "tied_count": 17
    },
    "coarse_material_match": {
      "n_pairs": 100,
      "baseline_aggregate": 0.31580690430590225,
      "variant_aggregate": 0.25279867852830407,
      "paired_mean_diff": -0.06300822577759796,
      "paired_std_diff": 0.23648998128114163,
      "effect_size_dz": -0.26643084597606337,
      "bootstrap_ci95": [
        -0.11003218152622175,
        -0.017156455864435042
      ],
      "sign_flip_pvalue_two_sided": 0.009582534788767604,
      "improved_count": 26,
      "worsened_count": 56,
      "tied_count": 18
    },
    "component_f1": {
      "n_pairs": 100,
      "baseline_aggregate": 0.97,
      "variant_aggregate": 0.98,
      "paired_mean_diff": 0.01,
      "paired_std_diff": 0.07423383445120454,
      "effect_size_dz": 0.13470946333202294,
      "bootstrap_ci95": [
        0.0,
        0.026666666666666665
      ],
      "sign_flip_pvalue_two_sided": 0.5021248229314224,
      "improved_count": 2,
      "worsened_count": 0,
      "tied_count": 98
    }
  }
}