{
  "created_at": "2026-03-01T14:31:56.637696+00:00",
  "label": "buildings_100_v1:anthropic_claude_haiku_4_5_20251001:full_vs_schema",
  "baseline": "/Users/hirotaka-m/Minecraft-view-dataset/datasets/buildings_100_v1/metrics_levels_ablation_schema_only_anthropic_claude_haiku_4_5_20251001.json",
  "variant": "/Users/hirotaka-m/Minecraft-view-dataset/datasets/buildings_100_v1/metrics_levels_ablation_full_anthropic_claude_haiku_4_5_20251001.json",
  "settings": {
    "bootstrap_samples": 6000,
    "permutation_samples": 12000,
    "seed": 42,
    "metrics": [
      "iou",
      "f1",
      "material_match",
      "coarse_material_match",
      "component_f1"
    ]
  },
  "results": {
    "iou": {
      "n_pairs": 100,
      "baseline_aggregate": 0.23616048675838763,
      "variant_aggregate": 0.2796618471530912,
      "paired_mean_diff": 0.043501360394703495,
      "paired_std_diff": 0.05783177570459936,
      "effect_size_dz": 0.7522051651484019,
      "bootstrap_ci95": [
        0.03251605602670013,
        0.055125337500212986
      ],
      "sign_flip_pvalue_two_sided": 8.332638946754438e-05,
      "improved_count": 75,
      "worsened_count": 15,
      "tied_count": 10
    },
    "f1": {
      "n_pairs": 100,
      "baseline_aggregate": 0.3768482388078233,
      "variant_aggregate": 0.42945788500418014,
      "paired_mean_diff": 0.05260964619635667,
      "paired_std_diff": 0.06854070104564874,
      "effect_size_dz": 0.7675679617183687,
      "bootstrap_ci95": [
        0.03956590112456235,
        0.06602920629122189
      ],
      "sign_flip_pvalue_two_sided": 8.332638946754438e-05,
      "improved_count": 75,
      "worsened_count": 15,
      "tied_count": 10
    },
    "material_match": {
      "n_pairs": 100,
      "baseline_aggregate": 0.1466524553299426,
      "variant_aggregate": 0.21407555748431858,
      "paired_mean_diff": 0.06742310215437596,
      "paired_std_diff": 0.211491684809564,
      "effect_size_dz": 0.31879788661708636,
      "bootstrap_ci95": [
        0.0259397595073561,
        0.11029898987731272
      ],
      "sign_flip_pvalue_two_sided": 0.001166569452545621,
      "improved_count": 58,
      "worsened_count": 41,
      "tied_count": 1
    },
    "coarse_material_match": {
      "n_pairs": 100,
      "baseline_aggregate": 0.3421037362544828,
      "variant_aggregate": 0.34228847800660717,
      "paired_mean_diff": 0.0001847417521244104,
      "paired_std_diff": 0.2755781069261435,
      "effect_size_dz": 0.0006703789142942412,
      "bootstrap_ci95": [
        -0.054800546765834623,
        0.05348676474575664
      ],
      "sign_flip_pvalue_two_sided": 0.9940004999583368,
      "improved_count": 52,
      "worsened_count": 48,
      "tied_count": 0
    },
    "component_f1": {
      "n_pairs": 100,
      "baseline_aggregate": 0.6016666666666667,
      "variant_aggregate": 0.9,
      "paired_mean_diff": 0.29833333333333334,
      "paired_std_diff": 0.3923332317796927,
      "effect_size_dz": 0.7604080133106256,
      "bootstrap_ci95": [
        0.22333333333333336,
        0.37666666666666665
      ],
      "sign_flip_pvalue_two_sided": 8.332638946754438e-05,
      "improved_count": 41,
      "worsened_count": 0,
      "tied_count": 59
    }
  }
}