{
  "created_at": "2026-03-01T14:31:39.969741+00:00",
  "label": "buildings_100_v1:anthropic_claude_haiku_4_5_20251001:schema_vs_baseline",
  "baseline": "/Users/hirotaka-m/Minecraft-view-dataset/datasets/buildings_100_v1/metrics_levels_pe_v2_anthropic_claude_haiku_4_5_20251001.json",
  "variant": "/Users/hirotaka-m/Minecraft-view-dataset/datasets/buildings_100_v1/metrics_levels_ablation_schema_only_anthropic_claude_haiku_4_5_20251001.json",
  "settings": {
    "bootstrap_samples": 6000,
    "permutation_samples": 12000,
    "seed": 42,
    "metrics": [
      "iou",
      "f1",
      "material_match",
      "coarse_material_match",
      "component_f1"
    ]
  },
  "results": {
    "iou": {
      "n_pairs": 100,
      "baseline_aggregate": 0.2938968824271887,
      "variant_aggregate": 0.23616048675838763,
      "paired_mean_diff": -0.057736395668801,
      "paired_std_diff": 0.08258178613597186,
      "effect_size_dz": -0.6991420066131454,
      "bootstrap_ci95": [
        -0.07355291188491525,
        -0.04176669432175786
      ],
      "sign_flip_pvalue_two_sided": 8.332638946754438e-05,
      "improved_count": 25,
      "worsened_count": 74,
      "tied_count": 1
    },
    "f1": {
      "n_pairs": 100,
      "baseline_aggregate": 0.4492649644634332,
      "variant_aggregate": 0.3768482388078233,
      "paired_mean_diff": -0.0724167256556098,
      "paired_std_diff": 0.10277918001143052,
      "effect_size_dz": -0.7045855556305861,
      "bootstrap_ci95": [
        -0.09226040191056746,
        -0.052330321077571205
      ],
      "sign_flip_pvalue_two_sided": 8.332638946754438e-05,
      "improved_count": 25,
      "worsened_count": 74,
      "tied_count": 1
    },
    "material_match": {
      "n_pairs": 100,
      "baseline_aggregate": 0.286465625714657,
      "variant_aggregate": 0.1466524553299426,
      "paired_mean_diff": -0.13981317038471436,
      "paired_std_diff": 0.22796161520951075,
      "effect_size_dz": -0.6133189144857456,
      "bootstrap_ci95": [
        -0.18407348746050342,
        -0.09522558439712757
      ],
      "sign_flip_pvalue_two_sided": 8.332638946754438e-05,
      "improved_count": 30,
      "worsened_count": 70,
      "tied_count": 0
    },
    "coarse_material_match": {
      "n_pairs": 100,
      "baseline_aggregate": 0.4973274186913967,
      "variant_aggregate": 0.3421037362544828,
      "paired_mean_diff": -0.15522368243691378,
      "paired_std_diff": 0.2679524281379268,
      "effect_size_dz": -0.5792956739209446,
      "bootstrap_ci95": [
        -0.2076580462774274,
        -0.10499405586797422
      ],
      "sign_flip_pvalue_two_sided": 8.332638946754438e-05,
      "improved_count": 27,
      "worsened_count": 73,
      "tied_count": 0
    },
    "component_f1": {
      "n_pairs": 100,
      "baseline_aggregate": 0.97,
      "variant_aggregate": 0.6016666666666667,
      "paired_mean_diff": -0.36833333333333335,
      "paired_std_diff": 0.4558480214180511,
      "effect_size_dz": -0.8080178393393543,
      "bootstrap_ci95": [
        -0.45833333333333337,
        -0.2783333333333334
      ],
      "sign_flip_pvalue_two_sided": 8.332638946754438e-05,
      "improved_count": 2,
      "worsened_count": 49,
      "tied_count": 49
    }
  }
}