{
  "created_at": "2026-03-02T00:00:00Z",
  "categories": [
    "v1/OpenAI",
    "v1/Claude",
    "v4/OpenAI",
    "v4/Claude"
  ],
  "fallback_rates": {
    "baseline_missing_or_none_rate": [
      0.43,
      0.01,
      0.36,
      0.01
    ],
    "parser_v6_missing_or_none_rate": [
      0.0,
      0.0,
      0.0,
      0.0
    ],
    "baseline_accepted_zero_rate": [
      0.07,
      0.0,
      0.35,
      0.01
    ],
    "parser_v6_accepted_zero_rate": [
      0.0,
      0.0,
      0.0,
      0.0
    ]
  },
  "accepted_avg": {
    "baseline": [
      18.07,
      27.01,
      13.36,
      28.92
    ],
    "parser_v6": [
      25.68,
      32.44,
      26.99,
      40.16
    ]
  },
  "metric_delta_per_condition": {
    "iou": [
      0.04368565358937748,
      -0.0467491297747219,
      0.042908772814613916,
      0.021198571898295687
    ],
    "f1": [
      0.0603232737761048,
      -0.059308256813671134,
      0.06350344912021322,
      0.03129632560567763
    ],
    "material_match": [
      0.034036973163560635,
      -0.10267027872537554,
      -0.01333163019774053,
      -0.07971991128003869
    ],
    "coarse_material_match": [
      0.05913078600403049,
      -0.16821505916734453,
      0.024193401171854922,
      -0.08122255490856811
    ]
  },
  "metric_delta_aggregate": {
    "categories": [
      "OpenAI(200)",
      "Claude(200)",
      "全条件(400)"
    ],
    "iou": [
      0.0432972132019957,
      -0.012775278938213105,
      0.015260967131891297
    ],
    "f1": [
      0.06191336144815901,
      -0.01400596560399675,
      0.02395369792208113
    ],
    "material_match": [
      0.010352671482910053,
      -0.09119509500270712,
      -0.04042121175989853
    ],
    "coarse_material_match": [
      0.041662093587942706,
      -0.12471880703795632,
      -0.04152835672500681
    ]
  },
  "notes": [
    "v4/claude parser_v6 metrics computed with max_shift_xy=24,max_shift_y=4,top_shift_candidates=12 for runtime control."
  ]
}